{
  "MAE": 0.03732776803520469,
  "RMSE": 0.0459675009611522,
  "R2": -9.713823901047469e-05,
  "model": "LightGBM"
}