{
  "MAE": 0.02965025539661944,
  "RMSE": 0.03976494478416725,
  "R2": 0.2670078514866977
}