{
  "MAE": 0.0373277680352047,
  "RMSE": 0.0459675009611522,
  "R2": -9.713823901025265e-05,
  "source": "D:\\python-projects\\final_pred.csv"
}