时间(h),T,Po,P,Pa,U,DD,Ff,RRR,预测的当 天湿度 5cm_SM,predicted_5cm_SM
2,19.3,731.5,751.7,1.0,99,西,轻风,15,,0.18215766942584316
5,20.0,732.0,752.4,0.5,94,西南,轻风,6,,0.18229087794766569
8,23.4,732.8,753.2,0.8,80,西,轻风,0,,0.19124604096637562
11,28.0,733.5,753.8,0.7,44,西北,轻风,0,,0.18551002397575256
