{
  "rows": 4,
  "dd_mapped": 4,
  "pa_nonzero": 4,
  "vpd_min": 0.02238858124675369,
  "vpd_mean": 0.713768129572855,
  "vpd_max": 2.116761003837347,
  "missing_features_filled0": [
    "VV_lag1",
    "Td_lag1",
    "T_max_lag1",
    "T_min_lag1",
    "RRR_sum3",
    "RRR_sum7",
    "P_diff1_lag1",
    "Po_diff1_lag1"
  ]
}