feature,median(Stage≥3),median(Stage<3),median_diff,U_stat,p_value,n_pos,n_neg
Bilirubin,1.7,0.9,0.7999999999999999,22920.0,2.1197607596256366e-07,305,113
Albumin,3.5,3.63,-0.1299999999999999,13114.0,0.00017396687348735868,305,113
Prothrombin,10.6,10.4,0.1999999999999993,20593.0,0.0021634082368503344,305,113
Alk_Phos,1259.0,1259.0,0.0,19481.5,0.0387712878969748,305,113
SGOT,114.7,114.7,0.0,20109.0,0.008177710293651767,305,113
