improve,AUC_test,delta_AUC,Brier_test
"add_derived(Bili_Alb,Alk_SGOT)",0.6749821810406272,-0.00281781895937272,
calibration_isotonic_on_baseline_tree,0.6528866714183891,-0.024913328581610883,0.1810484374817291
xgb_tuned,0.6735566642908054,-0.004243335709194551,0.18721098670105743
calibration_isotonic_on_xgb,0.6607270135424091,-0.01707298645759081,0.18350118925658082
calibration_sigmoid_on_xgb,0.6450463292943692,-0.03275367070563073,0.1833106242182263
